candidate_id,pipeline_fingerprint,genome_json,pipeline_json,dataset,method,n_stacks,failure_count,absolute_peak_localization_error_mean,absolute_peak_localization_error_std,fwhm_mean,fwhm_std,curvature_at_peak_mean,curvature_at_peak_std,steep_slope_width_mean,steep_slope_width_std,steep_to_gradual_slope_ratio_mean,steep_to_gradual_slope_ratio_std,false_maxima_count_mean,false_maxima_count_std,noise_level_mean,noise_level_std,rrmse_under_additive_noise_mean,rrmse_under_additive_noise_std,range_around_global_maximum_mean,range_around_global_maximum_std,execution_time_per_slice_mean,execution_time_per_slice_std
gp::67029addad0a2d48,67029addad0a2d48883ebaab86e04b63ca3d7967b9884602dd0b90d2e4b4fef7,"[""identity""]","{""steps"": [{""baseline"": false, ""category"": ""gp_step_1"", ""enabled"": true, ""name"": ""identity"", ""params"": {}}]}",PBS,gp::67029addad0a2d48,10,0,5.8,3.340658617698013,11.7,2.9,0.16656898999596445,0.2399930183575856,5.6,4.2708313008125245,2.758724848501208,2.3738226969252767,1.1,1.1357816691600546,0.05908781479641394,0.03046442634347522,nan,nan,1.6,0.9165151389911681,0.28523181373486295,0.01691187771845422
gp::dd280d6e9110d993,dd280d6e9110d993da1c7d68671fa0db6c62b28d3bb88b8a342b80e2a5f8053e,"[""gamma_correction""]","{""steps"": [{""baseline"": false, ""category"": ""gp_step_1"", ""enabled"": true, ""name"": ""gamma_correction"", ""params"": {""gamma"": 1.0}}]}",PBS,gp::dd280d6e9110d993,10,0,5.8,3.340658617698013,11.7,2.9,0.16656898999596445,0.2399930183575856,5.6,4.2708313008125245,2.758724848501208,2.3738226969252767,1.1,1.1357816691600546,0.05908781479641394,0.03046442634347522,nan,nan,1.6,0.9165151389911681,0.044244795594519624,0.004043496136065232
gp::b25a980af892a3aa,b25a980af892a3aa91f5b4ca614ee66c497a89e72202d15c19ee5f7ae7fab77a,"[""gradient_morph""]","{""steps"": [{""baseline"": false, ""category"": ""gp_step_1"", ""enabled"": true, ""name"": ""gradient_morph"", ""params"": {""ksize"": 3}}]}",PBS,gp::b25a980af892a3aa,10,0,2.9,1.7578395831246947,12.1,3.5341194094144583,0.10427358396387212,0.11904748704952187,3.6,1.6852299546352716,0.39973952758740017,0.26584097092623166,1.9,0.7000000000000001,0.10744366414349978,0.068567673005595,nan,nan,2.3,1.4866068747318506,0.09973697387897926,0.004263789070097979
gp::a1893fde83b95ce6,a1893fde83b95ce6d8d57f58f8bb32a9f3b20abd9b0fc375d5f0af1d60b117fe,"[""gradient_morph"", ""gaussian_blur""]","{""steps"": [{""baseline"": false, ""category"": ""gp_step_1"", ""enabled"": true, ""name"": ""gradient_morph"", ""params"": {""ksize"": 3}}, {""baseline"": false, ""category"": ""gp_step_2"", ""enabled"": true, ""name"": ""gaussian_blur"", ""params"": {""ksize"": 3, ""sigma"": 0.0}}]}",PBS,gp::a1893fde83b95ce6,10,0,2.4,1.7435595774162693,12.4,3.0066592756745814,0.16658718941747996,0.19734753969910535,4.9,2.913760456866693,0.5374188523408091,0.652210586386066,1.1,0.5385164807134504,0.08585964384114218,0.06455209756507406,nan,nan,5.1,2.5865034312755126,0.1263525670577979,0.004604770887732233
gp::a4c81465ded69189,a4c81465ded6918923105b3cfa0640417ac6edca5b7045c3f0ab5f55e5359f2d,"[""dog_filter"", ""gamma_correction""]","{""steps"": [{""baseline"": false, ""category"": ""gp_step_1"", ""enabled"": true, ""name"": ""dog_filter"", ""params"": {""ksize1"": 3, ""ksize2"": 7, ""sigma1"": 0.5, ""sigma2"": 1.5}}, {""baseline"": false, ""category"": ""gp_step_2"", ""enabled"": true, ""name"": ""gamma_correction"", ""params"": {""gamma"": 1.0}}]}",PBS,gp::a4c81465ded69189,10,0,4.9,3.2388269481403293,11.6,3.3823069050575527,0.34077902512933844,0.337930962427226,3.7,2.0024984394500787,1.4072311012020016,0.8043324867905316,2.3,1.4866068747318506,0.15945250581658313,0.10248040642021007,nan,nan,1.1,0.3,0.11316817535941179,0.005300811012886368
gp::10c8876ccee212e7,10c8876ccee212e73f7c91b6e44a8fac1ffaca0a413fe3f9dc31bb48d1318df4,"[""gaussian_blur""]","{""steps"": [{""baseline"": false, ""category"": ""gp_step_1"", ""enabled"": true, ""name"": ""gaussian_blur"", ""params"": {""ksize"": 3, ""sigma"": 0.0}}]}",PBS,gp::10c8876ccee212e7,10,0,5.3,3.7960505792204615,11.4,3.0066592756745814,0.1391481418917274,0.2433939527361007,5.6,4.2708313008125245,2.8585674783214103,2.647048367143153,0.7,0.9,0.0566145929703704,0.031123467754252614,nan,nan,1.5,0.9219544457292888,0.036834885779664754,0.005139995426910256
gp::e1e3584cb948764a,e1e3584cb948764aa06bc9d72a1b0546e2c1bb498107daaf60691b6c0bd85419,"[""histogram_equalization""]","{""steps"": [{""baseline"": false, ""category"": ""gp_step_1"", ""enabled"": true, ""name"": ""histogram_equalization"", ""params"": {}}]}",PBS,gp::e1e3584cb948764a,10,0,6.0,3.5777087639996634,11.1,2.6999999999999997,0.10214396276668869,0.23914534604422472,5.1,3.8065732621348563,3.373688713538543,2.697871698931474,0.5,0.5,0.058296095441359,0.03395904653044595,nan,nan,1.6,1.0198039027185568,0.03164883234486397,0.0031089674365188933
gp::1645e3283be2d2c7,1645e3283be2d2c7d7c4b3ee02882a46ca28ffc165cf5ac9f1085eac1d6c5a91,"[""morph_open_close"", ""laplacian_sharpen""]","{""steps"": [{""baseline"": false, ""category"": ""gp_step_1"", ""enabled"": true, ""name"": ""morph_open_close"", ""params"": {""ksize"": 3}}, {""baseline"": false, ""category"": ""gp_step_2"", ""enabled"": true, ""name"": ""laplacian_sharpen"", ""params"": {""amount"": 1.0, ""ksize"": 3}}]}",PBS,gp::1645e3283be2d2c7,10,0,5.3,2.282542442102666,11.2,3.9698866482558413,0.30240010841868303,0.41177391344090175,4.0,1.6733200530681511,1.9220418632364158,2.2792216739601874,1.8,0.9797958971132713,0.32066403901383894,0.13608810017426948,nan,nan,1.4,0.66332495807108,0.1953762990828707,0.005854339959587299
gp::81d6346f972094ff,81d6346f972094ffcea371376333735f530adaf72df2eb7bc9a75eeaddf77c27,"[""dog_filter""]","{""steps"": [{""baseline"": false, ""category"": ""gp_step_1"", ""enabled"": true, ""name"": ""dog_filter"", ""params"": {""ksize1"": 3, ""ksize2"": 7, ""sigma1"": 0.5, ""sigma2"": 1.5}}]}",PBS,gp::81d6346f972094ff,10,0,4.9,3.2388269481403293,11.6,3.3823069050575527,0.34077902512933844,0.337930962427226,3.7,2.0024984394500787,1.4072311012020016,0.8043324867905316,2.3,1.4866068747318506,0.15945250581658313,0.10248040642021007,nan,nan,1.1,0.3,0.08414866465557781,0.004782300894631639
gp::50fc361dc7affbbf,50fc361dc7affbbfcfae3eda796b0fc4b318ace43b0e34b954635a99265f1cfd,"[""histogram_equalization"", ""fft_highpass_filter""]","{""steps"": [{""baseline"": false, ""category"": ""gp_step_1"", ""enabled"": true, ""name"": ""histogram_equalization"", ""params"": {}}, {""baseline"": false, ""category"": ""gp_step_2"", ""enabled"": true, ""name"": ""fft_highpass_filter"", ""params"": {""cutoff"": 0.1}}]}",PBS,gp::50fc361dc7affbbf,10,0,6.1,3.477067730142742,10.5,3.0740852297878796,0.13901231269635747,0.2524183412709336,4.7,3.689173349139344,3.198968036260119,2.4922029164520785,0.8,0.7483314773547883,0.09257235643166552,0.04669282483760399,nan,nan,1.0,0.0,0.36055000617944943,0.009326577029793035
gp::8771fb454b901ae0,8771fb454b901ae0c4c8345601f32273fab981653bbab6bf4d3add37217cb86c,"[""laplacian_sharpen""]","{""steps"": [{""baseline"": false, ""category"": ""gp_step_1"", ""enabled"": true, ""name"": ""laplacian_sharpen"", ""params"": {""amount"": 1.0, ""ksize"": 3}}]}",PBS,gp::8771fb454b901ae0,10,0,4.9,3.2388269481403293,10.2,3.944616584663204,0.5550621919016094,0.47243313710851553,3.5,1.857417562100671,2.9028773518196767,1.6594474703400026,2.1,1.2206555615733703,0.21300013423858372,0.1340779425021325,nan,nan,1.3,0.9000000000000001,0.047005379342525785,0.0032200072906173995
gp::29f00f9f28561f59,29f00f9f28561f5927ff4aab142dbc91555ecf94bcce3c771d53fa4517c652f2,"[""morph_open_close"", ""gaussian_blur""]","{""steps"": [{""baseline"": false, ""category"": ""gp_step_1"", ""enabled"": true, ""name"": ""morph_open_close"", ""params"": {""ksize"": 3}}, {""baseline"": false, ""category"": ""gp_step_2"", ""enabled"": true, ""name"": ""gaussian_blur"", ""params"": {""ksize"": 3, ""sigma"": 0.0}}]}",PBS,gp::29f00f9f28561f59,10,0,5.2,3.8935844667863573,11.4,3.0066592756745814,0.11419696492895164,0.23970005867474825,6.1,4.109744517606903,2.850091217668893,2.738514885112968,0.5,0.6708203932499369,0.05278268486105943,0.03246144371565512,nan,nan,1.7,1.004987562112089,0.1825652015610184,0.004733169133795457
gp::2284a5adf84d2df5,2284a5adf84d2df51c98858c1e52f0e36bfd2e008f55dc18808ceed6a1211f69,"[""morph_open_close""]","{""steps"": [{""baseline"": false, ""category"": ""gp_step_1"", ""enabled"": true, ""name"": ""morph_open_close"", ""params"": {""ksize"": 3}}]}",PBS,gp::2284a5adf84d2df5,10,0,5.3,3.7960505792204615,11.4,3.0066592756745814,0.13736586580243978,0.2420680322935923,5.6,4.2708313008125245,2.8873214961047613,2.621483849266922,0.7,0.9,0.05503025680625147,0.03147376952168741,nan,nan,1.5,0.6708203932499369,0.1640379302105349,0.005480948974839758
gp::52423df5d73edebd,52423df5d73edebda10c59d23eceeddbb51749efa190dc05f0b260a1662e7100,"[""gaussian_blur"", ""gradient_morph""]","{""steps"": [{""baseline"": false, ""category"": ""gp_step_1"", ""enabled"": true, ""name"": ""gaussian_blur"", ""params"": {""ksize"": 3, ""sigma"": 0.0}}, {""baseline"": false, ""category"": ""gp_step_2"", ""enabled"": true, ""name"": ""gradient_morph"", ""params"": {""ksize"": 3}}]}",PBS,gp::52423df5d73edebd,10,0,2.5,1.6881943016134133,12.2,3.4,0.18459614263445867,0.2361930181881275,5.2,3.0594117081556704,0.5411881157537645,0.6785790427623208,1.0,0.6324555320336759,0.09018299060201379,0.06275665628729662,nan,nan,5.1,2.507987240796891,0.12439322227612137,0.006951786904671734
gp::0bb61e677928bce9,0bb61e677928bce9665c6fa8f696d2dbb053bfed3b9c93f39cbcb5c43a9e49e8,"[""clahe_enhancement"", ""dog_filter""]","{""steps"": [{""baseline"": false, ""category"": ""gp_step_1"", ""enabled"": true, ""name"": ""clahe_enhancement"", ""params"": {""clip_limit"": 2.0, ""tile_grid_size"": 8}}, {""baseline"": false, ""category"": ""gp_step_2"", ""enabled"": true, ""name"": ""dog_filter"", ""params"": {""ksize1"": 3, ""ksize2"": 7, ""sigma1"": 0.5, ""sigma2"": 1.5}}]}",PBS,gp::0bb61e677928bce9,10,0,4.1,3.176476034853718,10.5,3.0083217912982647,0.3622101991431365,0.37400767729943674,5.8,4.1182520563948,2.0850409818294002,2.039651640886373,1.1,0.7,0.1352398606220029,0.07189396621676296,nan,nan,1.5,0.806225774829855,0.11585939082446406,0.0033339083952198152
gp::4dd88dfcaf10f0a8,4dd88dfcaf10f0a8e69fe8d5440d9c5b265715ad5073670418f9274c66dff125,"[""clahe_enhancement"", ""laplacian_sharpen""]","{""steps"": [{""baseline"": false, ""category"": ""gp_step_1"", ""enabled"": true, ""name"": ""clahe_enhancement"", ""params"": {""clip_limit"": 2.0, ""tile_grid_size"": 8}}, {""baseline"": false, ""category"": ""gp_step_2"", ""enabled"": true, ""name"": ""laplacian_sharpen"", ""params"": {""amount"": 1.0, ""ksize"": 3}}]}",PBS,gp::4dd88dfcaf10f0a8,10,0,4.6,3.0397368307141326,9.8,3.5156791662493894,0.2582235770029692,0.32355873457604006,6.4,4.6946778377222005,2.1351007234046855,2.2008022618188017,1.0,0.8944271909999159,0.1156819388009189,0.06976782571458331,nan,nan,1.7,1.4177446878757822,0.07894406743968527,0.004602829093557145
gp::fe1b8e128e1177a5,fe1b8e128e1177a50789bd16284aeaba1fca94bfa96956a111f4310273b5dc67,"[""unsharp_mask"", ""gaussian_blur""]","{""steps"": [{""baseline"": false, ""category"": ""gp_step_1"", ""enabled"": true, ""name"": ""unsharp_mask"", ""params"": {""amount"": 1.0, ""ksize"": 3, ""sigma"": 1.0}}, {""baseline"": false, ""category"": ""gp_step_2"", ""enabled"": true, ""name"": ""gaussian_blur"", ""params"": {""ksize"": 3, ""sigma"": 0.0}}]}",PBS,gp::fe1b8e128e1177a5,10,0,5.4,3.5832945734337835,11.4,2.939387691339814,0.2686179002587218,0.31858580280250204,4.9,3.477067730142742,2.3684422739786806,1.8824871039004887,0.8,0.7483314773547882,0.10810028248180248,0.08143706765304437,nan,nan,1.4,0.66332495807108,0.0818327833388725,0.0047868849506177485
gp::f981a517547aa658,f981a517547aa6589dda20038fbb6dc0346ff71f8c81e3165ff6f5d197f15f21,"[""histogram_equalization"", ""median_filter""]","{""steps"": [{""baseline"": false, ""category"": ""gp_step_1"", ""enabled"": true, ""name"": ""histogram_equalization"", ""params"": {}}, {""baseline"": false, ""category"": ""gp_step_2"", ""enabled"": true, ""name"": ""median_filter"", ""params"": {""ksize"": 3}}]}",PBS,gp::f981a517547aa658,10,0,5.8,3.8418745424597094,11.4,2.90516780926679,0.09492589813813228,0.23163519211284117,5.1,3.8065732621348563,3.2207312563525647,2.6548732204559045,0.5,0.5,0.05589228743559319,0.03676354309824717,nan,nan,1.6,1.0198039027185568,0.059644309792201956,0.0038596770307502593
gp::0564c739140951f0,0564c739140951f0823f0153f9e3d454bb10283f0daddb91d8d01bea39297ce6,"[""unsharp_mask""]","{""steps"": [{""baseline"": false, ""category"": ""gp_step_1"", ""enabled"": true, ""name"": ""unsharp_mask"", ""params"": {""amount"": 1.0, ""ksize"": 3, ""sigma"": 1.0}}]}",PBS,gp::0564c739140951f0,10,0,5.1,3.6180105030251086,11.5,3.4132096331752027,0.4149887833441717,0.5060479998447085,4.2,2.9597297173897483,2.2699821033235175,1.9161752990470984,1.2,0.8717797887081347,0.13346631838001055,0.14095903500048246,nan,nan,1.8,1.2489995996796797,0.06107559074854685,0.00455292841237597
